{"A": [[0.0, 0.0, 0.0], [-0.08664858341217041, -0.042389750480651855, -0.012871319854298235], [-0.1574196219444275, -0.12425932288169861, -0.018706347288230063], [-0.19600456953048706, -0.20919722318649292, -0.031223486603835227], [-0.2005094289779663, -0.28572696447372437, -0.036508483307102324], [-0.11325037479400635, -0.2192610502243042, 0.0277406522467345], [-0.15043234825134277, -0.28294360637664795, -0.012462993578651549], [-0.13737863302230835, -0.21136993169784546, -0.031101345510819556], [-0.11432743072509766, -0.18340840935707092, -0.03637012602541745], [-0.07467323541641235, -0.2258979082107544, 0.018483613191506265], [-0.11504256725311279, -0.28649306297302246, -0.02745371075127423], [-0.09826546907424927, -0.1911143958568573, -0.03276369483921826], [-0.07020324468612671, -0.1779714822769165, -0.02277003364417851], [-0.03083968162536621, -0.23433277010917664, -0.00019381785079986003], [-0.0720098614692688, -0.29492315649986267, -0.04562983425114453], [-0.060730934143066406, -0.20094352960586548, -0.030176320539453627], [-0.03467381000518799, -0.18311569094657898, -0.005334728823640944], [0.0189666748046875, -0.23686102032661438, -0.021159646527507903], [-0.018587589263916016, -0.30192628502845764, -0.04376772181842625], [-0.0205460786819458, -0.23596343398094177, -0.028624357150533797], [-0.000989675521850586, -0.20672458410263062, -0.00907431771759093]], "V": [[0.0, 0.0, 0.0], [0.055162250995635986, -0.05077934265136719, -0.036232193468663354], [0.07782453298568726, -0.15045469999313354, -0.0515669151233169], [0.047497570514678955, -0.22817686200141907, -0.06808179756865229], [0.00418323278427124, -0.29434990882873535, -0.08356321742996897], [0.0599292516708374, -0.29362213611602783, -0.019990378527495523], [0.08040124177932739, -0.4111741781234741, -0.044802905528399606], [0.09243178367614746, -0.48766955733299255, -0.061471053867194314], [0.09896469116210938, -0.5537313967943192, -0.07382379612192835], [0.004172563552856445, -0.2984611988067627, -0.027118172033283372], [-0.016017138957977295, -0.4352554380893707, -0.05920108175143923], [-0.025306224822998047, -0.5118530094623566, -0.08051724126801219], [-0.03860360383987427, -0.5819309949874878, -0.09109794488415446], [-0.043598711490631104, -0.2658275067806244, -0.039269582836482186], [-0.06221407651901245, -0.3512015640735626, -0.09657278796896662], [-0.031646132469177246, -0.2671622633934021, -0.10859777918324198], [-0.012411236763000488, -0.20711198449134827, -0.10054289689526286], [-0.08656191825866699, -0.2091553807258606, -0.053372682540270944], [-0.09266793727874756, -0.2681417763233185, -0.10484194150433268], [-0.05956000089645386, -0.20976147055625916, -0.1107824086235496], [-0.03302127122879028, -0.15765857696533203, -0.10355034610495295]]}